﻿[
  {
    "Goals": "Protein, Gain",
    "Ingredients": "1 ½ cups  water, or yogurt or milk of choice (350 mL) 1 scoop vanilla protein powder 1 cup  strawberry, frozen (150 g) 1 cup  blueberry, frozen (100 g) ½ cup  raspberry, frozen (60 g) ½ cup  blackberry, frozen (75 g)",
    "Name": "Vanilla Berry Protein Smoothie",
    "Photos": "http://final.banuelmas.com/images/White-Chocolate-Raspberry-Protein-Shake_PS_2.jpg",
    "Preparation": "Step 1 – add all ingredients to blender Step 2 – blend until smooth Step 3 – enjoy",
    "ServeCount": 2,
    "Tags": "Normal",
    "Type": "Smoothie"
  }
]